{"cameraMode":{"drawMode":0,"name":"Shaded","section":"Shading Mode"},"sceneLighting":false,"audioPlay":false,"sceneViewState":{"showFog":true,"showMaterialUpdate":false,"showSkybox":false,"showFlares":true,"showImageEffects":true,"showParticleSystems":true},"in2DMode":false,"pivot":{"x":-5.960464477539063e-8,"y":0.5613695383071899,"z":0.0},"rotation":{"x":0.0005300745833665133,"y":0.9991055130958557,"z":0.040174778550863269,"w":-0.013187394477427006},"size":2.201284408569336,"orthographic":false}