{"cameraMode":{"drawMode":0,"name":"Shaded","section":"Shading Mode"},"sceneLighting":true,"audioPlay":false,"sceneViewState":{"showFog":true,"showMaterialUpdate":false,"showSkybox":false,"showFlares":true,"showImageEffects":true,"showParticleSystems":true},"in2DMode":false,"pivot":{"x":0.1893121302127838,"y":-0.3105546832084656,"z":0.33844923973083498},"rotation":{"x":0.0005300745833665133,"y":0.9991055130958557,"z":0.040174778550863269,"w":-0.013187394477427006},"size":3.461923122406006,"orthographic":false}