{"cameraMode":{"drawMode":0,"name":"Shaded","section":"Shading Mode"},"sceneLighting":true,"audioPlay":false,"sceneViewState":{"showFog":true,"showMaterialUpdate":false,"showSkybox":false,"showFlares":true,"showImageEffects":true,"showParticleSystems":true},"in2DMode":false,"pivot":{"x":5.192374229431152,"y":-0.4051632285118103,"z":-1.40692138671875},"rotation":{"x":0.05988810956478119,"y":0.7787650227546692,"z":-0.07523568719625473,"w":0.619901716709137},"size":7.1780877113342289,"orthographic":false}